title,link,domain,published,summary
"Sugar in India, Fueled by Child Marriage and Hysterectomies",https://www.nytimes.com/2024/03/24/world/europe/india-sugar-cane-fields-child-labor-hysterectomies.html,www.nytimes.com,"Sun, 24 Mar 2024 12:08:58 +0000",An investigation into the sugar-cane industry in the Indian state of Maharashtra found workers ensnared by debt and pushed into child marriages and unnecessary hysterectomies.
Senegal Votes in an Election That Almost Didn’t Happen,https://www.nytimes.com/2024/03/24/world/africa/senegal-presidential-election.html,www.nytimes.com,"Sun, 24 Mar 2024 12:03:16 +0000","The top opposition politician, Ousmane Sonko, is barred from running. So Sunday’s poll is widely seen as a choice between his handpicked candidate and the departing president’s designated successor."
Russia’s Battle With Extremists Has Simmered for Years,https://www.nytimes.com/2024/03/24/world/europe/russia-extremism-isis-syria.html,www.nytimes.com,"Sun, 24 Mar 2024 11:03:40 +0000","The Islamic State has long threatened to strike Russia for helping the Syrian president, Bashar al-Assad, stay in control."
"In Hezbollah’s Sights, a Stretch of Northern Israel Becomes a No-Go Zone",https://www.nytimes.com/2024/03/24/world/middleeast/israel-hezbollah-lebanon-border.html,www.nytimes.com,"Sun, 24 Mar 2024 09:01:10 +0000","For the few Israelis remaining in the evacuated zone along the northern border with Lebanon, the simmering conflict there has become intensely personal."
"Inside the Battle for a Bunker in Avdiivka, Ukraine",https://www.nytimes.com/2024/03/24/world/europe/ukraine-war-avdiivka.html,www.nytimes.com,"Sun, 24 Mar 2024 04:01:10 +0000",A struggle for a position held by Ukrainian forces in the eastern city of Avdiivka underlines how the conflict is increasingly being fought in close-quarter combat.
Moscow Concert Hall Shooting: Russia Observes Day of Mourning for Victims,https://www.nytimes.com/live/2024/03/24/world/moscow-russia-attack-news,www.nytimes.com,"Sun, 24 Mar 2024 12:29:03 +0000","American officials attribute Friday’s attack in a Moscow suburb, which killed at least 133 people, to a branch of the Islamic State active in Iran and Afghanistan."
"ISIS-K, Blamed in Moscow Attack, Has Hit at Taliban’s Russia Links",https://www.nytimes.com/2024/03/23/world/asia/isis-attack-russia.html,www.nytimes.com,"Sun, 24 Mar 2024 09:17:35 +0000","Islamic State Khorasan, or ISIS-K, previously attacked Russia’s embassy in Kabul and has produced floods of anti-Kremlin propaganda."
Princess Kate’s Cancer Disclosure Shows Her Lessons From Previous Media Ordeals,https://www.nytimes.com/2024/03/23/world/europe/princess-kate-middleton-cancer.html,www.nytimes.com,"Sat, 23 Mar 2024 16:53:06 +0000","“They know they can’t control the online world,” one expert on the royal family said about the recent spate of revelations about the health of Catherine and King Charles III."
Modi’s Party Doesn’t Control All of India. But He’s Working on It.,https://www.nytimes.com/2024/03/23/world/asia/india-election-federalism.html,www.nytimes.com,"Sat, 23 Mar 2024 04:48:47 +0000","As an election nears, political strife between Prime Minister Narendra Modi and opposition-held states is straining the federal formula that holds India together."
Londoners Offer Sympathy on Princess Kate’s Cancer Diagnosis,https://www.nytimes.com/2024/03/23/world/europe/princess-kate-cancer-royal-family.html,www.nytimes.com,"Sat, 23 Mar 2024 12:07:45 +0000","Many expressed compassion for Catherine, Princess of Wales, a woman who has spent much of the past two decades with every aspect of her life scrutinized."
5 Takeaways From an Investigation Into Hysterectomies in India’s Sugar Industry,https://www.nytimes.com/2024/03/24/world/europe/india-sugar-sterilization-takeaways.html,www.nytimes.com,"Sun, 24 Mar 2024 06:54:21 +0000","Indebted workers, facing brutal working conditions, are pushed to get hysterectomies as a treatment for routine ailments. Sugar mills disclaim responsibility."
U.N. Chief Calls Conditions in Gaza a ‘Moral Outrage’,https://www.nytimes.com/2024/03/23/world/middleeast/gaza-israel-rafah-un-guterres.html,www.nytimes.com,"Sat, 23 Mar 2024 18:02:48 +0000","In a visit to the Rafah border crossing, Secretary General António Guterres called for an immediate cease-fire and expressed solidarity with Palestinians in the territory."
Venezuelan Opposition Names New Candidate in Show of Unity,https://www.nytimes.com/2024/03/22/world/americas/venezuela-election-corina-yoris.html,www.nytimes.com,"Sun, 24 Mar 2024 01:47:16 +0000",The announcement that Corina Yoris would run came as a surprise to many who had feared that a fractured opposition would benefit President Nicolás Maduro.
What We Know About Princess Kate’s Cancer Diagnosis,https://www.nytimes.com/2024/03/23/world/europe/what-we-know-kate-catherine-princess-wales-cancer.html,www.nytimes.com,"Sat, 23 Mar 2024 11:15:17 +0000",The princess said that the cancer had been discovered after abdominal surgery and that she was receiving “preventative chemotherapy.”
China’s Dispute With Taiwan Is Playing Out Near This Tiny Island,https://www.nytimes.com/2024/03/24/world/asia/china-taiwan-ships.html,www.nytimes.com,"Sun, 24 Mar 2024 04:30:16 +0000","A fatal incident off Kinmen, a Taiwanese-controlled island, has become the latest occasion for Beijing to warn and test Taiwan’s president-elect."
"ISIS-K, Group Tied to Moscow Attack, Has Grown Bolder and More Violent",https://www.nytimes.com/2024/03/24/world/europe/isis-k-moscow-attack.html,www.nytimes.com,"Sun, 24 Mar 2024 04:01:52 +0000","The militant group violently opposes the Taliban leaders of Afghanistan, where it is based. It is increasingly targeting foreign foes."
Slovakia Presidential Election 2024: What You Need to Know,https://www.nytimes.com/2024/03/23/world/europe/slovakia-presidential-election-korcok-pellegrini.html,www.nytimes.com,"Sun, 24 Mar 2024 00:02:42 +0000","Ivan Korcok, a veteran diplomat hostile to the Kremlin, and Peter Pellegrini, a Russia-friendly politician allied with Slovakia’s populist prime minister, will face each other in a runoff."
Russia Arrests 4 Suspects in Moscow Attack as Death Toll Climbs to 133,https://www.nytimes.com/2024/03/23/world/europe/russia-moscow-terror-attack-islamic-state.html,www.nytimes.com,"Sat, 23 Mar 2024 23:03:05 +0000","As the Islamic State claimed responsibility, President Vladimir V. Putin vowed to “identify and punish” those responsible and tried to implicate Ukraine."
"Piknik, a Longtime Russian Rock Band, is Now at the Center of a Tragedy",https://www.nytimes.com/2024/03/23/world/europe/piknik-russian-rock-band.html,www.nytimes.com,"Sat, 23 Mar 2024 21:55:47 +0000",The group was set to play the first of two sold-out concerts when gunmen opened fire at Crocus City Hall.
Deadly Moscow Attack Shatters Putin’s Security Promise to Russian People,https://www.nytimes.com/2024/03/23/world/europe/putin-russia-moscow-attack.html,www.nytimes.com,"Sat, 23 Mar 2024 20:44:28 +0000",The tragedy outside Moscow is a blow to a leader riding an aura of confidence only days after a stage-managed election victory.
Names of the Victims Killed in the Moscow Concert Attack Begin to Emerge,https://www.nytimes.com/2024/03/23/world/europe/moscow-concert-attack-victims.html,www.nytimes.com,"Sat, 23 Mar 2024 20:33:39 +0000","Those lost include mothers, fathers, an amateur hockey player and many others."
Putin Tries to Link Moscow Concert Hall Attack to Ukraine,https://www.nytimes.com/2024/03/23/world/europe/moscow-attack-putin.html,www.nytimes.com,"Sat, 23 Mar 2024 13:58:43 +0000","American officials, who have assessed that a branch of the Islamic State was responsible, have voiced concern that the Russian leader could seek to falsely blame Ukraine."
It’s a Golden Age for Shipwreck Discoveries. Why?,https://www.nytimes.com/2024/03/23/science/shipwreck-sinking-sea-why.html,www.nytimes.com,"Sat, 23 Mar 2024 14:05:22 +0000","More lost shipwrecks are being found because of new technology, climate change and more vessels scanning the ocean floor for science or commerce."
What We Know About the Moscow Concert Hall Attack,https://www.nytimes.com/2024/03/23/world/europe/moscow-concert-hall-attack-what-we-know.html,www.nytimes.com,"Sat, 23 Mar 2024 13:41:13 +0000",The assault on a popular concert hall was the deadliest act of terrorism in the Russian capital in more than a decade.
Ukraine Rejects Russian Speculation That It Had Role in Attack,https://www.nytimes.com/2024/03/23/world/europe/ukraine-russia-moscow-attack.html,www.nytimes.com,"Sat, 23 Mar 2024 20:08:27 +0000",Kyiv has accused Russia of falsely suggesting it was to blame for the terrorist attack in Moscow and of using the assault to escalate the fighting in Ukraine.
The Music That Made Us,https://www.nytimes.com/2024/03/23/briefing/the-music-that-made-us.html,www.nytimes.com,"Sat, 23 Mar 2024 10:28:02 +0000","What happens when we re-encounter cultural artifacts that were deeply important to us and they’ve changed, or we have, or both?"
Russia Has Seen Several Major Attacks in Recent Decades,https://www.nytimes.com/2024/03/23/world/europe/moscow-attacks-shootings-bombings.html,www.nytimes.com,"Sat, 23 Mar 2024 10:11:16 +0000","The concert hall massacre near Moscow raised Russian memories of other attacks, most related to the wars against Chechen separatists in the 1990s and 2000s that helped enable the rise of Vladimir V. Putin."
The Government’s Struggles With Outsourcing Software Development,https://www.nytimes.com/2024/03/23/world/canada/arrivecan-software-contracting-fraud.html,www.nytimes.com,"Sat, 23 Mar 2024 10:00:01 +0000",The bloated cost of the ArriveCAN app and new investigations into possible fraud have highlighted some problems with turning to outside companies.
Gaza’s Shadow Death Toll: Bodies Buried Beneath the Rubble,https://www.nytimes.com/2024/03/23/world/middleeast/gaza-missing-bodies-deaths.html,www.nytimes.com,"Sat, 23 Mar 2024 09:01:08 +0000","With hand tools and bare hands, families and rescuers continue to search broken buildings for missing friends and relatives."
Here are the latest developments.,https://www.nytimes.com/2024/03/23/world/europe/here-is-the-latest.html,www.nytimes.com,"Sat, 23 Mar 2024 19:35:45 +0000",
Princess Kate’s Cancer Diagnosis Plunges Royal Family Into Uncertainty,https://www.nytimes.com/2024/03/22/world/europe/princess-kate-cancer-royal-family.html,www.nytimes.com,"Sat, 23 Mar 2024 01:29:58 +0000","First King Charles and now Catherine, Princess of Wales, are facing grave health concerns, stretching an already slimmed-down monarchy."
U.S. Says ISIS Was Responsible for Deadly Moscow Concert Hall Attack,https://www.nytimes.com/2024/03/22/world/europe/isis-moscow-attack-concert-hall.html,www.nytimes.com,"Sat, 23 Mar 2024 14:06:30 +0000","After a period of relative quiet, the Islamic State has been trying to increase its external attacks, according to U.S. counterterrorism officials."
Harry and Meghan Wish Princess Kate ‘Health and Healing’ After Cancer Diagnosis,https://www.nytimes.com/2024/03/22/world/europe/kate-cancer-royals-harry-charles.html,www.nytimes.com,"Fri, 22 Mar 2024 22:02:30 +0000","Harry and Meghan, the Duke and Duchess of Sussex, and King Charles III offered Catherine messages of encouragement."
Moscow Concert Hall Photos: Deadly Attack and Fire at Crocus City Hall,https://www.nytimes.com/2024/03/22/world/europe/moscow-concert-hall-attack-photos.html,www.nytimes.com,"Sat, 23 Mar 2024 18:02:25 +0000",Images show the scene of what could be the deadliest attack in Russia in decades. Multiple gunmen killed at least 133 people in an assault in the capital’s outskirts.
U.S. Warned About Possible Moscow Attack Before Concert Hall Shooting,https://www.nytimes.com/2024/03/22/world/europe/moscow-concert-attack-us-embassy.html,www.nytimes.com,"Fri, 22 Mar 2024 21:17:55 +0000",Pro-Moscow forces had dismissed the alert as an attempt to scare Russians.
U.S. Call for Gaza Cease-Fire Runs Into Russia-China Veto,https://www.nytimes.com/2024/03/22/world/middleeast/israel-gaza-security-council-veto.html,www.nytimes.com,"Fri, 22 Mar 2024 22:34:44 +0000","The American draft resolution before the Security Council did not go far enough to end the Israel-Hamas war, Russia and China said, after the United States had vetoed three earlier resolutions."
Here’s the latest on the attack in Russia.,https://www.nytimes.com/2024/03/22/world/europe/heres-the-latest-on-the-attack-in-russia.html,www.nytimes.com,"Fri, 22 Mar 2024 19:54:29 +0000",
"Rose Dugdale, Heiress Turned Irish Independence Fighter, Dies at 82",https://www.nytimes.com/2024/03/22/world/europe/rose-dugdale-dead.html,www.nytimes.com,"Fri, 22 Mar 2024 20:48:56 +0000","Born into English wealth and Oxford-educated, she left it all behind for a life of radical and often violent activism."
Read Princess Kate’s Full Statement on Her Cancer Diagnosis,https://www.nytimes.com/2024/03/22/world/europe/kate-middleton-cancer-statement.html,www.nytimes.com,"Fri, 22 Mar 2024 19:09:58 +0000","The princess asked for privacy as she undergoes treatment, and said that “it has been an incredibly tough couple of months for our entire family.”"
"Gunmen Kill 60 at Concert Hall Outside Moscow, State Media Reports",https://www.nytimes.com/2024/03/22/world/europe/moscow-shooting.html,www.nytimes.com,"Sat, 23 Mar 2024 06:50:43 +0000","The Islamic State claimed the attack, the deadliest in the Moscow region in more than a decade."
"Norman Miller, German Refugee Who Helped Arrest a Top Nazi, Dies at 99",https://www.nytimes.com/2024/03/22/world/europe/norman-miller-dead.html,www.nytimes.com,"Fri, 22 Mar 2024 18:19:40 +0000","At 15, he escaped to England. At 20, he enlisted in the British Army and identified a German minister — whose roles included deporting Dutch Jews to labor camps — as he tried to flee."
A Space Rock Fell Into Sweden. Who Owns It on Earth?,https://www.nytimes.com/2024/03/22/world/europe/sweden-meteorite-ownership.html,www.nytimes.com,"Sun, 24 Mar 2024 01:19:06 +0000","Sweden’s courts have been debating claims to a meteorite that fell north of Stockholm, including whether the right to move around in nature, including on private property, extends to claiming a meteorite."
What’s Next for the Coronavirus?,https://www.nytimes.com/2024/03/22/health/coronavirus-evolution-immunity.html,www.nytimes.com,"Fri, 22 Mar 2024 16:05:59 +0000","Scientists studying the virus’s continuing evolution, and the body’s immune responses, hope to head off a resurgence and to better understand long Covid."
How Biden Could Try to Coerce Israel to Change Its War Strategy,https://www.nytimes.com/2024/03/22/us/politics/israel-biden-leverage.html,www.nytimes.com,"Fri, 22 Mar 2024 23:02:51 +0000",President Biden has tried persuading Prime Minister Benjamin Netanyahu behind the scenes. But critics say it is time for a different approach.
Is Germany Heading for Humiliation at the Euros?,https://www.nytimes.com/2024/03/22/world/europe/germany-euro-2024.html,www.nytimes.com,"Sat, 23 Mar 2024 03:07:33 +0000",A nation that was soccer’s gold standard a decade ago is now trying anything and everything to find its way. The clock is ticking.
How the New E.P.A. Rules Affect Toyota and Their Hybrid Cars,https://www.nytimes.com/2024/03/22/climate/toyota-hybrid-epa-pollution.html,www.nytimes.com,"Fri, 22 Mar 2024 18:44:54 +0000","The auto giant lobbied hard against tougher pollution rules. This week, the E.P.A.’s new rules proved favorable to hybrid technology, an area that Toyota dominates."
A Look at Previous U.S. Vetoes of Gaza Cease-Fire Resolutions in the U.N.,https://www.nytimes.com/2024/03/22/world/middleeast/us-cease-fire-resolution-vetoes.html,www.nytimes.com,"Fri, 22 Mar 2024 14:36:10 +0000","Before a U.S. resolution in the United Nations Security Council calling for a cease-fire in Gaza was vetoed on Friday, the U.S. had vetoed three previous ones demanding a halt to the fighting."
Uganda President Museveni Appoints His Son as Top Army Commander,https://www.nytimes.com/2024/03/22/world/africa/uganda-president-son.html,www.nytimes.com,"Fri, 22 Mar 2024 12:31:58 +0000","Gen. Muhoozi Kainerugaba, who has a reputation for provocative late-night tweets, has been working to position himself as heir apparent to his father, President Yoweri Museveni."
Russian Attack Leaves Over a Million in Ukraine Without Electricity,https://www.nytimes.com/2024/03/22/world/europe/russia-ukraine-war-attack.html,www.nytimes.com,"Fri, 22 Mar 2024 19:15:55 +0000",Power plants and a major hydroelectric dam were damaged in what Ukrainian officials said was one of the war’s largest assaults on energy infrastructure.
Insooni Breaks Racial Barrier to Become Beloved Singer in South Korea,https://www.nytimes.com/2024/03/22/world/asia/south-korea-insooni-singer.html,www.nytimes.com,"Fri, 22 Mar 2024 09:03:57 +0000","Born to a South Korean mother and a Black American soldier, she rose to a pioneering stardom in a country that has long discriminated against biracial children."
What We Gained (and Lost) When Our Daughter Unplugged for a School Year,https://www.nytimes.com/2024/03/22/world/australia/screen-free-school.html,www.nytimes.com,"Fri, 22 Mar 2024 09:03:48 +0000","My 13-year-old has left her phone behind for hiking, chores and study in the Australian wilderness. Our pen-and-paper correspondence is opening up an unexpected world."
Dante Lauretta on Life After Asteroid Bennu and OSIRIS-REx,https://www.nytimes.com/2024/03/22/science/astronomy-asteroid-bennu-osiris-lauretta.html,www.nytimes.com,"Fri, 22 Mar 2024 09:00:49 +0000","Dante Lauretta, the planetary scientist who led the OSIRIS-REx mission to retrieve a handful of space dust, discusses his next final frontier."
Blinken Meets With Netanyahu at Moment of Tension Between U.S. and Israel,https://www.nytimes.com/2024/03/22/world/middleeast/blinken-netanyahu-israel-cease-fire.html,www.nytimes.com,"Fri, 22 Mar 2024 18:49:38 +0000",Prime Minister Benjamin Netanyahu repeated that Israel was determined to send troops into the crowded southern Gaza city of Rafah despite U.S. urgings not to.
Friday Briefing,https://www.nytimes.com/2024/03/22/briefing/apple-lawsuit-antitrust-germany-strike.html,www.nytimes.com,"Fri, 22 Mar 2024 04:11:19 +0000",The U.S. sues Apple.
‘Strike Madness’ Hits Germany While Its Economy Stumbles,https://www.nytimes.com/2024/03/22/world/europe/germany-strikes-economy.html,www.nytimes.com,"Fri, 22 Mar 2024 04:01:35 +0000","A wave of strikes by German workers, feeling the sting of inflation and stagnant growth, is the latest sign of the bleak outlook for Europe’s economic powerhouse."
Holi: What to Know about India’s Most Colorful Tradition,https://www.nytimes.com/2024/03/22/world/asia/holi-colors-spring-festival-india.html,www.nytimes.com,"Fri, 22 Mar 2024 13:24:16 +0000","The ancient festival has Hindu roots, but growing numbers worldwide are taking part in the celebration, which features bonfires, singing, dancing, prayer, feasting and clouds of pigmented powder."
Democracy Crumbling in African Countries Once Ruled by France,https://www.nytimes.com/2024/03/22/world/africa/democracy-senegal-africa-france.html,www.nytimes.com,"Fri, 22 Mar 2024 04:01:13 +0000","A wave of military coups and presidents clinging to power are two sides of the same anti-democratic coin plaguing Francophone Africa, experts say."
The Dogs Helping the Covenant Children Find Their Way Back,https://www.nytimes.com/2024/03/24/us/covenant-children-dogs.html,www.nytimes.com,"Sun, 24 Mar 2024 07:00:40 +0000","To heal after a mass shooting, the Covenant School families have turned to therapy, faith, one another — and a lot of dogs."
The Man Who Helped Redefine Campus Antisemitism,https://www.nytimes.com/2024/03/24/us/politics/kenneth-marcus-college-antisemitism-complaints.html,www.nytimes.com,"Sun, 24 Mar 2024 07:00:13 +0000","In government and as an outsider, Kenneth Marcus has tried to douse what he says is rising bias against Jews. Some see a crackdown on pro-Palestinian speech."
Indiana Law Requires Professors to Promote ‘Intellectual Diversity’ or Face Penalties,https://www.nytimes.com/2024/03/23/us/indiana-professors-tenure-diversity.html,www.nytimes.com,"Sat, 23 Mar 2024 22:46:17 +0000","Faculty members in public universities could be disciplined or fired, even those with tenure, if they are found to fall short of the new requirements."
When Nobody Is Behind the Wheel in Car-Obsessed Los Angeles,https://www.nytimes.com/2024/03/20/us/los-angeles-waymo-driver.html,www.nytimes.com,"Wed, 20 Mar 2024 14:41:17 +0000",Autonomous taxis have arrived in the nation’s second most populous city. Some Angelenos aren’t ready to go driverless.
How a Pandemic Malaise Is Shaping American Politics,https://www.nytimes.com/2024/03/24/us/politics/pandemic-politics-malaise.html,www.nytimes.com,"Sun, 24 Mar 2024 09:01:47 +0000","Four years later, the shadow of the pandemic continues to play a profound role in voters’ pessimism and distrust amid a presidential rematch."
"Peter G. Angelos, Owner of the Baltimore Orioles, Dies at 94",https://www.nytimes.com/2024/03/23/us/peter-angelos-baltimore-orioles-dead.html,www.nytimes.com,"Sat, 23 Mar 2024 22:19:00 +0000","Mr. Angelos, who built a fortune as a class-action lawyer, endeared himself to fans by investing in free agents to bolster the team."
Storm Brings Heavy Snow to New England and Northern New York,https://www.nytimes.com/2024/03/23/us/storm-rain-snow-forecast-northeast.html,www.nytimes.com,"Sun, 24 Mar 2024 09:05:44 +0000","Philadelphia had its wettest day ever recorded in March, forecasters said. Hundreds of thousands of residents in several states lost power."
Kamala Harris Visits Parkland and Urges States to Adopt Red-Flag Gun Laws,https://www.nytimes.com/2024/03/23/us/politics/kamala-harris-parkland-guns.html,www.nytimes.com,"Sat, 23 Mar 2024 21:43:43 +0000","At the site of the 2018 school shooting in Florida, the vice president announced federal help for states to limit weapon access for people deemed to be threats."
Jasmin Paris Is First Woman to Finish Barkley Marathons,https://www.nytimes.com/2024/03/23/us/barkley-marathons-jasmin-paris.html,www.nytimes.com,"Sat, 23 Mar 2024 20:35:37 +0000","The Barkley Marathons, which features cryptic rules for entry, requires runners to complete 100 miles of rugged terrain in Tennessee under 60 hours."
"Biden Signs $1.2 Trillion Spending Package, Ending Government Shutdown Fears",https://www.nytimes.com/2024/03/23/us/politics/biden-signs-spending-bill.html,www.nytimes.com,"Sat, 23 Mar 2024 18:48:50 +0000","The president signed a $1.2 trillion spending package that passed early on Saturday morning, narrowly avoiding a shutdown."
"David E. Harris, Trailblazing Airline Pilot, Is Dead at 89",https://www.nytimes.com/2024/03/23/us/david-e-harris-dead.html,www.nytimes.com,"Sat, 23 Mar 2024 17:38:09 +0000","In 1964, at the height of the civil rights movement, he became the first Black pilot for a major commercial airline in the United States."
"Kari Lake, a Trump Acolyte, Struggles to Find Her Path",https://www.nytimes.com/2024/03/23/us/politics/kari-lake-arizona-senate.html,www.nytimes.com,"Sat, 23 Mar 2024 12:07:27 +0000","The Republican Senate candidate in Arizona, who has been an election denier and Trump supporter, is seeking to appeal to establishment Republicans."
"In Frigid Early Spring, Lining Up for a Rite of Summer in Western Massachusetts",https://www.nytimes.com/2024/03/23/us/tanglewood-berkshires-massachusetts.html,www.nytimes.com,"Sun, 24 Mar 2024 00:07:08 +0000","Music lovers stood in the cold this week for a first crack at tickets to Tanglewood, a beloved outdoor venue where the Boston Symphony Orchestra plays all summer long."
Abbott’s Army on the Border: Is it Working?,https://www.nytimes.com/2024/03/23/us/texas-abbott-border.html,www.nytimes.com,"Sat, 23 Mar 2024 09:01:59 +0000","The Texas governor, Greg Abbott, has spent $10 billion building his own border security network. In Eagle Pass, where it has been concentrated, far fewer migrants have been crossing this year."
Millions of Low-Income Families Set to Lose Internet Subsidies,https://www.nytimes.com/2024/03/23/us/politics/internet-subsidies-affordable-connecticity-program.html,www.nytimes.com,"Sat, 23 Mar 2024 21:26:08 +0000","The Affordable Connectivity Program, a $14.2 billion federal effort to make internet service more affordable, is expected to run out of funding this spring."
The Far Right Wants Its Revenge on Speaker Johnson Over Spending Bill,https://www.nytimes.com/2024/03/23/us/congress-spending-bill-johnson-far-right.html,www.nytimes.com,"Sat, 23 Mar 2024 14:53:57 +0000","Bipartisan spending legislation approved by Congress represented a major defeat for ultraconservatives, who immediately turned on Speaker Mike Johnson."
"What We Know About ISIS-K, the Group That Claimed Responsibility for the Moscow Attack",https://www.nytimes.com/2024/03/22/us/politics/isis-k-moscow-attack.html,www.nytimes.com,"Sat, 23 Mar 2024 04:54:13 +0000",The Islamic State affiliate has been a major threat to the Taliban’s ability to govern Afghanistan.
Two Republicans Advance to a Runoff to Finish Kevin McCarthy’s Term,https://www.nytimes.com/2024/03/22/us/politics/california-fong-boudreaux-mccarthy.html,www.nytimes.com,"Fri, 22 Mar 2024 23:49:16 +0000","Vince Fong and Mike Boudreaux, who advanced to a special election in May, will also face each other in November to fill the former House speaker’s seat for a full, two-year term."
"After Oakland University Upset Kentucky, Students Bask in the NCAA Spotlight",https://www.nytimes.com/2024/03/22/us/oakland-university-march-madness-ncaa.html,www.nytimes.com,"Sat, 23 Mar 2024 00:36:40 +0000",Supporters of the little-known college on Friday celebrated its moment of fame after a shocking first-round win.
Chicago Voters Reject Real Estate Tax Change to Fund Homeless Programs,https://www.nytimes.com/2024/03/22/us/chicago-real-estate-tax-vote.html,www.nytimes.com,"Sat, 23 Mar 2024 00:32:45 +0000","The referendum, backed by progressives but criticized by the real estate industry, called for raising transfer taxes on properties that sell for more than $1 million."
The Supreme Court and Young Voter Turnout,https://www.nytimes.com/2024/03/22/us/politics/the-supreme-court-and-young-voter-turnout.html,www.nytimes.com,"Sat, 23 Mar 2024 15:12:56 +0000",A 2013 ruling triggered a slew of laws that attached restrictions to voting.
First He Came for Cancel Culture. Now He Wants to Cancel Smartphones,https://www.nytimes.com/2024/03/23/business/jonathan-haidt-smartphones-coddling.html,www.nytimes.com,"Sat, 23 Mar 2024 13:09:41 +0000","The N.Y.U. professor Jonathan Haidt became a favorite in Silicon Valley for his work on what he called the “coddling” of young people. Now, he has an idea for fixing Gen Z."
I.R.S. Stepping Up Efforts to Squash Fraud in Tax Credit Program,https://www.nytimes.com/2024/03/22/us/politics/irs-employee-retention-tax-credit.html,www.nytimes.com,"Fri, 22 Mar 2024 19:11:10 +0000",The Employee Retention Tax Credit continues to be ripe for abuse as Congress mulls shutting the program down.
The State Had One Woman’s Unclaimed Funds. It Turned Out to Be a Windfall,https://www.nytimes.com/2024/03/23/your-money/unclaimed-property-missing-money.html,www.nytimes.com,"Sat, 23 Mar 2024 09:02:06 +0000","A financial firm told an account owner that it had turned over her money to the state. When she filed a claim, something strange happened."
"In the Markets, a Tug of War Between Big Tech and the Fed",https://www.nytimes.com/2024/03/22/business/ai-federal-reserve-stock-market.html,www.nytimes.com,"Fri, 22 Mar 2024 13:00:10 +0000","On Wall Street, excitement about A.I. outweighs concern about interest rates. But rocketing stocks could make it tough for the Federal Reserve to cut rates."
United Airlines Faces Closer F.A.A. Scrutiny After Safety Incidents,https://www.nytimes.com/2024/03/22/business/united-airlines-faa-safety.html,www.nytimes.com,"Sat, 23 Mar 2024 21:45:28 +0000","The carrier, which has experienced several recent mishaps, told employees to expect a review by federal regulators in coming weeks."
Retirees’ Pensions Were Restored. Debate About It Hasn’t Died.,https://www.nytimes.com/2024/03/22/business/multiemployer-pensions-retirement-benefits.html,www.nytimes.com,"Fri, 22 Mar 2024 21:49:03 +0000",A 2021 law providing aid for multiemployer plans underscores the partisan disagreement about how best to provide stability for older Americans.
Insurers Report Rising Hail Damage Claims,https://www.nytimes.com/2024/03/22/your-money/insurers-report-rising-hail-damage-claims.html,www.nytimes.com,"Fri, 22 Mar 2024 16:03:06 +0000",Inflation is driving up the cost of materials and labor to repair roofs and cars. Adding to insurers’ costs is increased development in areas affected by severe storms.
"With TikTok Under Fire, Brands That Rely on It Worry",https://www.nytimes.com/2024/03/22/business/tiktok-beauty-fashion-companies.html,www.nytimes.com,"Sun, 24 Mar 2024 05:37:33 +0000","Many companies, particularly in the beauty and fashion industries, have boosted sales through the platform. They don’t really have a backup plan."
How the Apple and Microsoft Antitrust Cases Compare,https://www.nytimes.com/2024/03/23/business/dealbook/apple-microsoft-antitrust.html,www.nytimes.com,"Sat, 23 Mar 2024 12:00:05 +0000",Prosecutors compare their new fight against Apple to the seminal case against Windows in the 1990s.
Young Chinese Embrace ‘Gross Outfits’ at Work,https://www.nytimes.com/2024/03/24/business/china-gross-outfits-at-work.html,www.nytimes.com,"Sun, 24 Mar 2024 09:01:47 +0000",The social media movement is the latest sign that some of China’s young people are resisting the compulsion to strive.
"Famously Obstinate, Bill Ackman Is Now Real-Life Famous. What Next?",https://www.nytimes.com/2024/03/24/business/bill-ackman.html,www.nytimes.com,"Sun, 24 Mar 2024 09:00:21 +0000",The hedge-funder who loves a public crusade — and taking charge — is on to a new stage of his career: online warrior.
China’s Plan to Spur Growth: A New Slogan for Building Factories,https://www.nytimes.com/2024/03/24/business/china-development-forum-economy.html,www.nytimes.com,"Sun, 24 Mar 2024 07:42:38 +0000","As China’s leaders promote their strategy, other countries worry about manufacturing overcapacity and plans for more exports."
‘Cherry on the Cake’: How China Views the U.S. Crackdown on TikTok,https://www.nytimes.com/2024/03/23/business/dealbook/tiktok-us-china.html,www.nytimes.com,"Sat, 23 Mar 2024 12:00:03 +0000","Dan Wang, an expert on China’s technology sector, says Beijing would see a forced sale or ban of the social media platform as a propaganda coup."
"Stellantis to Recall Dodge Chargers and Chrysler 300s, Citing Airbag Issue",https://www.nytimes.com/2024/03/22/automobiles/stellantis-airbag-recall.html,www.nytimes.com,"Fri, 22 Mar 2024 19:33:40 +0000",The recall could affect owners of Dodge Chargers and Chrysler 300s. The airbags have the potential to explode and hurl shrapnel.
NASA Is Recruiting a New Class of Astronauts,https://www.nytimes.com/2024/03/22/science/nasa-astronauts-victor-glover-elon-musk.html,www.nytimes.com,"Fri, 22 Mar 2024 22:55:53 +0000","Victor Glover, a nine-year veteran of the astronaut corps who will fly around the moon in 2025, said the search for excellence and diversity were not mutually exclusive."
Valentino’s Creative Director Is Departing,https://www.nytimes.com/2024/03/22/fashion/valentino-creative-director-pierpaolo-piccioli.html,www.nytimes.com,"Fri, 22 Mar 2024 23:37:28 +0000","Pierpaolo Piccioli, known for his bold use of color and studded leather shoes, had been at the fashion house for 25 years."
What Can You Do if Violence Breaks Out on Your Train or Bus?,https://www.nytimes.com/2024/03/22/us/public-transit-safety-subway-guide.html,www.nytimes.com,"Sat, 23 Mar 2024 12:55:15 +0000","Public transportation is not necessarily more dangerous than other settings, but there are some ways that experts recommend to get out of a risky situation."
"Trump Media Merger Approved, Allowing Truth Social to Go Public",https://www.nytimes.com/2024/03/22/business/trump-media-merger-truth-social.html,www.nytimes.com,"Fri, 22 Mar 2024 20:05:41 +0000","Having closed the merger of his social media company, Mr. Trump could find ways to raise cash against the value of his stake in the company, estimated at more than $3 billion."
"Ronna McDaniel, Former R.N.C. Chair, Joins NBC News",https://www.nytimes.com/2024/03/22/business/media/ronna-mcdaniel-nbc-msnbc.html,www.nytimes.com,"Fri, 22 Mar 2024 14:55:38 +0000",Her new role as a commentator on NBC and MSNBC programs comes shortly after she stepped down as the leader of the Republican National Committee.
Investors Pour Money Into Wall St. as Stocks Set New Highs,https://www.nytimes.com/2024/03/22/business/stock-market-rally.html,www.nytimes.com,"Fri, 22 Mar 2024 20:15:21 +0000",The influx of cash reflects optimism about the economy and company earnings despite high interest rates and stubborn inflation.
How March Madness Upsets Can Bring Attention and Money to Universities,https://www.nytimes.com/2024/03/22/business/ncaa-tournament-upset-victories.html,www.nytimes.com,"Fri, 22 Mar 2024 18:42:13 +0000","As administrators at universities like St. Peter’s, Fairleigh Dickinson and Florida Gulf Coast can attest, upset victories bring attention, alumni donations and a lot of work."
How the US Fight Against Apple Tests Antitrust Limits,https://www.nytimes.com/2024/03/22/business/dealbook/apple-justice-antitrust.html,www.nytimes.com,"Fri, 22 Mar 2024 12:03:36 +0000",The Justice Department’s lawsuit against the iPhone maker pushes the boundaries of competition rules. Some experts say that may make winning more difficult.
Utility-Caused Wildfires Are Becoming a National Problem,https://www.nytimes.com/2024/03/22/business/energy-environment/electric-utilities-wildfires-climate-change.html,www.nytimes.com,"Fri, 22 Mar 2024 17:35:51 +0000",Climate change is raising the risk of blazes that are started by power lines and other utility equipment in many parts of the U.S. besides California.
The Trustbuster Who Has Apple and Google in His Sights,https://www.nytimes.com/2024/03/22/technology/jonathan-kanter-apple-antitrust.html,www.nytimes.com,"Fri, 22 Mar 2024 09:02:28 +0000","Jonathan Kanter, the head of the Justice Department’s antitrust division, made his boldest move on Thursday by accusing Apple of antitrust violations."
India’s TikTok Ban: What Lessons Does It Hold for the U.S.,https://www.nytimes.com/2024/03/22/business/tiktok-india-ban.html,www.nytimes.com,"Fri, 22 Mar 2024 04:31:59 +0000","The United States is agonizing over the possibility of a ban, but India did it at a stroke. Indians adjusted quickly, and Instagram and YouTube built big audiences."
"In One Key A.I. Metric, China Pulls Ahead of the U.S.: Talent",https://www.nytimes.com/2024/03/22/technology/china-ai-talent.html,www.nytimes.com,"Fri, 22 Mar 2024 04:00:35 +0000","China has produced a huge number of top A.I. engineers in recent years. New research shows that, by some measures, it has already eclipsed the United States."
The A.I. Boom Makes Millions for an Unlikely Industry Player: Anguilla,https://www.nytimes.com/2024/03/22/business/artificial-intelligence-anguilla.html,www.nytimes.com,"Sat, 23 Mar 2024 16:40:28 +0000","The small Caribbean territory brought in $32 million last year, more than 10 percent of its G.D.P., from companies registering web addresses that end in .ai."
A Birkin Bag Is Hard to Buy,https://www.nytimes.com/2024/03/21/style/birkin-bag-hermes-lawsuit.html,www.nytimes.com,"Fri, 22 Mar 2024 11:40:04 +0000",But fans of the famed Hermès accessory say that the exclusivity is the whole point.
Shohei Ohtani Situation Shows Leagues Have Many Gambling Risks to Watch,https://www.nytimes.com/2024/03/21/business/ohtani-interpreter-gambling-leagues.html,www.nytimes.com,"Sat, 23 Mar 2024 03:08:28 +0000",The wagering situation involving Shohei Ohtani’s former interpreter shows that people adjacent to the players and coaches can also be a risk.
Merger of Trump’s Social Media Firm Could Provide Him Needed Cash,https://www.nytimes.com/2024/03/21/business/trump-truth-social-merger.html,www.nytimes.com,"Fri, 22 Mar 2024 16:05:27 +0000",The former president’s social media company is finally set to go public. He could borrow against the value of his stake in the company.
Reddit Rises 48% in First Day of Trading,https://www.nytimes.com/2024/03/21/technology/reddit-stock-ipo-market.html,www.nytimes.com,"Thu, 21 Mar 2024 20:39:23 +0000",The social media company’s debut on the New York Stock Exchange was one of the first major tech initial public offerings of the year.
National Plan to Look Into Homeowners Insurers Hits a Hurdle,https://www.nytimes.com/2024/03/21/business/naic-homeowners-insurers-states-hurdle.html,www.nytimes.com,"Thu, 21 Mar 2024 22:10:37 +0000","Roughly two weeks after state regulators said they were collecting details on insurers’ homeowners businesses, key states may opt out, undermining the effort."
The Psychedelic Evangelist,https://www.nytimes.com/2024/03/21/health/psychedelics-roland-griffiths-johns-hopkins.html,www.nytimes.com,"Thu, 21 Mar 2024 16:34:22 +0000",A Johns Hopkins scientist was known for rigorous studies of psychedelics. Was he a true believer?
"U.S. Justice Dept. Sues Apple, Claiming iPhone Monopoly in Antitrust Case",https://www.nytimes.com/2024/03/21/technology/apple-doj-lawsuit-antitrust.html,www.nytimes.com,"Thu, 21 Mar 2024 22:48:40 +0000","The lawsuit caps years of regulatory scrutiny of Apple’s wildly popular suite of devices and services, which have fueled its growth into a nearly $3 trillion public company."
Biden Targets Private Jets in Hunt for Tax Revenue,https://www.nytimes.com/2024/03/21/business/biden-corporate-jets-taxes.html,www.nytimes.com,"Thu, 21 Mar 2024 17:58:11 +0000",The White House’s new focus on corporate aviation is drawing backlash from an industry that says it supports manufacturing.
Free Blockbuster Libraries Offer an Alternative to Streaming,https://www.nytimes.com/2024/03/21/arts/free-blockbuster-dvd-movies-box.html,www.nytimes.com,"Fri, 22 Mar 2024 20:27:42 +0000","The neighborhood lending libraries have popped up around North America, offering a nostalgic return to DVDs."
Bank of England Holds Interest Rates After U.K. Inflation Slows,https://www.nytimes.com/2024/03/21/business/bank-of-england-rates-inflation.html,www.nytimes.com,"Thu, 21 Mar 2024 18:05:34 +0000",Britain’s central bank held its key interest rate at the highest level in 16 years for the fifth straight meeting.
The Fed Stays the Course on Rates,https://www.nytimes.com/2024/03/21/business/dealbook/fed-rate-cuts.html,www.nytimes.com,"Thu, 21 Mar 2024 13:25:03 +0000",Markets are cheering the central bank’s forecast for three interest rate cuts this year. But Fed policymakers are divided on the issue.
"Biden Approves $5.8 Billion in Student Debt Cancellation for 78,000 Borrowers",https://www.nytimes.com/2024/03/21/business/biden-student-loan-forgiveness.html,www.nytimes.com,"Thu, 21 Mar 2024 09:05:52 +0000",The incremental relief brings the canceled total to $143.6 billion for nearly four million Americans.
What Comes Next for the Housing Market?,https://www.nytimes.com/2024/03/21/business/economy/housing-market-changes.html,www.nytimes.com,"Thu, 21 Mar 2024 20:09:34 +0000","The Federal Reserve still expects to cut rates this year, and a change in selling practices could shake up home shopping. Here’s the outlook."
Biden Suggests a Bigger Federal Role to Reduce Housing Costs,https://www.nytimes.com/2024/03/21/us/politics/biden-housing-costs.html,www.nytimes.com,"Thu, 21 Mar 2024 13:02:37 +0000",A new report focuses on the prolonged struggle to build affordable housing across America and suggests federal incentives to help.
"Farewell to the Montana Club, and a Clientele Straight Out of ‘Yellowstone’",https://www.nytimes.com/2024/03/21/dining/drinks/montana-club.html,www.nytimes.com,"Thu, 21 Mar 2024 12:16:33 +0000","The century-old club, in Helena, had a celebrated Black bartender and a membership of Montana’s biggest movers and shakers."
Hidden Cameras: What Travelers Need to Know,https://www.nytimes.com/2024/03/21/travel/hidden-cameras-airbnb-hotel.html,www.nytimes.com,"Fri, 22 Mar 2024 17:18:18 +0000","We talked to security and privacy experts about Airbnb’s new ban on surveillance cameras, your privacy rights and how to find a hidden camera."
Why the Panama Canal Didn’t Lose Money When Ship Crossings Fell,https://www.nytimes.com/2024/03/21/business/panama-canal-water-revenue.html,www.nytimes.com,"Thu, 21 Mar 2024 11:28:15 +0000","A water shortage forced officials to reduce traffic, but higher fees increased revenue."
Condé Nast’s Owners Set to Reap a $1.4 Billion Windfall From Reddit,https://www.nytimes.com/2024/03/20/business/media/reddit-ipo-conde-nast.html,www.nytimes.com,"Wed, 20 Mar 2024 23:47:42 +0000","The Newhouse family, which controls the Advance media empire, made a 2006 investment of $10 million in the social site, which plans to go public on Thursday."
"Angela Chao Was Intoxicated When She Died in Car Wreck, Police Report Shows",https://www.nytimes.com/2024/03/20/us/angela-chao-car-crash.html,www.nytimes.com,"Thu, 21 Mar 2024 00:00:50 +0000","The Blanco County Sheriff’s Office in Texas called the Feb. 10 episode, in which the shipping executive drove her Tesla into a pond at a family ranch, an “unfortunate accident.”"
Iceland’s Tourism Suffers Amid a Belching Volcano and Flowing Lava,https://www.nytimes.com/2024/03/20/world/europe/iceland-volcano-tourism-impact.html,www.nytimes.com,"Thu, 21 Mar 2024 17:47:45 +0000","In a country that relies heavily on visitors, hotels faced repeated evacuations, and one resort was temporarily shut."
"Martin Greenfield, Tailor to Sinatra, Obama, Trump and Shaq, Dies at 95",https://www.nytimes.com/2024/03/20/fashion/martin-greenfield-dead.html,www.nytimes.com,"Thu, 21 Mar 2024 15:04:02 +0000","He dressed six presidents, coached designers and made thousands of suits for TV shows and movies. But his beginnings were dismal: He learned to sew at Auschwitz."
Delta Passenger Boarded Flight Using Photo of Another Ticket,https://www.nytimes.com/2024/03/20/business/delta-unticketed-passenger-arrested.html,www.nytimes.com,"Thu, 21 Mar 2024 00:22:18 +0000","By taking pictures of other passengers’ boarding passes on their phones, the man was able to board a Delta Air Lines flight in Salt Lake City on Sunday, according to a federal complaint."
UFC Settles Antitrust Suit With Fighters for $335 Million,https://www.nytimes.com/2024/03/20/business/ufc-antitrust-lawsuit-settlement.html,www.nytimes.com,"Wed, 20 Mar 2024 18:40:17 +0000","The organization’s parent company admitted no wrongdoing but agreed to pay the fighters, who had accused it of suppressing their pay."
"U.S. Debt Races Toward Record This Decade, C.B.O. Warns",https://www.nytimes.com/2024/03/20/us/politics/debt-taxes-budget.html,www.nytimes.com,"Wed, 20 Mar 2024 18:00:07 +0000",Recently passed spending limits have slightly improved the nation’s fiscal outlook.
"What the Fed’s Rate Moves Could Mean for Loans, Mortgages and Savings",https://www.nytimes.com/2024/03/20/business/interest-rates-mortgages-credit-cards.html,www.nytimes.com,"Wed, 20 Mar 2024 16:22:46 +0000","Higher rates benefit those who can save, but for borrowers, falling rates would reduce bills on credit cards, student loans and other forms of debt."
General Motors Quits Sharing Driving Behavior With Data Brokers,https://www.nytimes.com/2024/03/22/technology/gm-onstar-driver-data.html,www.nytimes.com,"Fri, 22 Mar 2024 18:42:28 +0000","G.M. had provided information about braking, acceleration and speed to LexisNexis Risk Solution and Verisk, firms that generated driver risk profiles for insurers."
"Joni Mitchell, Following Neil Young, Returns to Spotify After Protest",https://www.nytimes.com/2024/03/22/arts/music/joni-mitchell-spotify.html,www.nytimes.com,"Fri, 22 Mar 2024 17:27:07 +0000","Her music has quietly reappeared on the streaming service, two years after a departure over what she called “lies” about Covid-19 vaccines in podcasts."
"Justice Dept. Sues Apple, Smartphones and Children with Jonathan Haidt and Reddit’s I.P.O.",https://www.nytimes.com/2024/03/22/podcasts/hard-fork-apple-lawsuit-reddit-ipo.html,www.nytimes.com,"Fri, 22 Mar 2024 09:07:23 +0000",“We’ll see you in court.”
Apple Lawsuits: A Look at the Many Challenges Facing the Tech Giant,https://www.nytimes.com/2024/03/21/technology/apple-regulators-world.html,www.nytimes.com,"Thu, 21 Mar 2024 22:20:51 +0000",The Justice Department’s lawsuit against Apple is the latest in a series of regulatory actions that are hitting the tech giant at the same time.
Reddit’s IPO Is a Content Moderation Success Story,https://www.nytimes.com/2024/03/21/technology/reddit-ipo-public-content-moderation.html,www.nytimes.com,"Thu, 21 Mar 2024 18:50:34 +0000",The site’s journey from toxic cesspool to trusted news source illustrates the business value of keeping bad actors at bay.
"Reddit Said to Price IPO at $34 a Share, in a Positive Sign for Tech",https://www.nytimes.com/2024/03/20/technology/reddit-ipo-stock-price.html,www.nytimes.com,"Wed, 20 Mar 2024 22:30:09 +0000",The social media company raised $748 million in the offering. Its shares begin trading on the New York Stock Exchange on Thursday.
These Mobile Games are For the Birds,https://www.nytimes.com/2024/03/20/science/parrots-pet-videogames.html,www.nytimes.com,"Wed, 20 Mar 2024 20:00:50 +0000","How do you design an app for a parrot? Consider games that are “made to be licked,” a new study suggests."
Why Tech Companies Are Not Your Friends: Lessons From Roku,https://www.nytimes.com/2024/03/20/technology/personaltech/roku-data-breach-companies.html,www.nytimes.com,"Wed, 20 Mar 2024 13:00:11 +0000",Roku recently changed its policy to make it even harder for customers to take legal action. It’s a reminder of how we need to protect ourselves.
Intel Receives $8.5 Billion in Grants to Build Chip Plants,https://www.nytimes.com/2024/03/20/us/politics/chips-act-grant-intel.html,www.nytimes.com,"Wed, 20 Mar 2024 23:51:19 +0000","The award, announced by President Biden at a plant in Arizona, is the biggest the government has made under a new program that aims to rebuild the nation’s semiconductor manufacturing industry."
"Kate Middleton, Britney Spears and the Online Trolls Doubting Their Existence",https://www.nytimes.com/2024/03/20/business/media/kate-middleton-britney-spears-rumors-misinformation.html,www.nytimes.com,"Fri, 22 Mar 2024 01:48:39 +0000","Whether it is just for kicks or propelled by genuine doubt, the unsupported claims about celebrities and public figures keep gaining traction online."
U.S. Accuses Two Men of Stealing Tesla Trade Secrets,https://www.nytimes.com/2024/03/19/business/tesla-trade-secrets-us-attorney.html,www.nytimes.com,"Tue, 19 Mar 2024 23:27:16 +0000",Federal prosecutors said the pair tried to sell technology to manufacture batteries for electric cars that belonged to the company.
Biden to Announce Multibillion-Dollar Grant for Intel to Expand Chip Production,https://www.nytimes.com/2024/03/19/us/politics/intel-biden-chips.html,www.nytimes.com,"Tue, 19 Mar 2024 20:07:04 +0000",The decision comes as President Biden champions his economic policies during a tour of the Southwest.
Saudi Arabia Plans $40 Billion Push Into Artificial Intelligence,https://www.nytimes.com/2024/03/19/business/saudi-arabia-investment-artificial-intelligence.html,www.nytimes.com,"Tue, 19 Mar 2024 19:28:37 +0000","The Middle Eastern country is creating a gigantic fund to invest in A.I. technology, potentially becoming the largest player in the hot market."
Microsoft Hires DeepMind Co-Founder to Run Consumer A.I.,https://www.nytimes.com/2024/03/19/technology/mustafa-suleyman-google-gemini.html,www.nytimes.com,"Tue, 19 Mar 2024 18:50:50 +0000",Mustafa Suleyman is leaving a start-up called Inflection to take the senior position with Microsoft.
Apple Steps Up Its Lobbying to Change Patent Rules,https://www.nytimes.com/2024/03/19/technology/apple-patents-lobbying.html,www.nytimes.com,"Tue, 19 Mar 2024 17:48:47 +0000","After losing two complaints before the U.S. International Trade Commission, Apple has stepped up its lobbying to change the agency’s practices."
Apple and Google Are Discussing a Deal to Bring Generative A.I. to iPhones,https://www.nytimes.com/2024/03/19/technology/apple-google-ai-iphone.html,www.nytimes.com,"Thu, 21 Mar 2024 17:20:34 +0000",A partnership would extend the long relationship between the companies that has helped deliver everything from maps to search on Apple’s devices.
"From Russia, Elaborate Tales of Fake Journalists",https://www.nytimes.com/2024/03/18/business/media/russia-fake-journalists.html,www.nytimes.com,"Thu, 21 Mar 2024 16:00:25 +0000","As the Ukraine war grinds on, the Kremlin has created increasingly complex fabrications online to discredit Ukraine’s leader and undercut aid. Some have a Hollywood-style plot twist."
Tesla’s Troubles Raise Questions About Its Invincibility,https://www.nytimes.com/2024/03/18/business/tesla-elon-musk-troubles.html,www.nytimes.com,"Thu, 21 Mar 2024 19:35:52 +0000","As the share price plunges, investors wonder whether the company, led by Elon Musk, can withstand intensifying competition."
What Elon Musk Said in Testy Interview on Don Lemon’s New Show,https://www.nytimes.com/2024/03/18/business/media/elon-musk-don-lemon-interview.html,www.nytimes.com,"Tue, 19 Mar 2024 19:26:12 +0000","The former CNN anchor released a wide-ranging interview with the billionaire about business, politics, online hate speech and more."
Supreme Court Wary of Limiting Government Contact With Social Media Companies,https://www.nytimes.com/2024/03/18/us/politics/supreme-court-white-house-misinformation.html,www.nytimes.com,"Mon, 18 Mar 2024 19:33:20 +0000","The justices tried to distinguish between persuading social media sites to take down posts, which is permitted, and coercing them, which violates the First Amendment."
"Storing Renewable Energy, One Balloon at a Time",https://www.nytimes.com/2024/03/18/science/renewable-energy-storage-climate.html,www.nytimes.com,"Mon, 18 Mar 2024 17:46:27 +0000","To decarbonize the electrical grid, companies are finding creative ways to store energy during periods of low demand."
What Meltdown? Crypto Comes Roaring Back in the Philippines.,https://www.nytimes.com/2024/03/18/technology/crypto-video-games-philippines.html,www.nytimes.com,"Mon, 18 Mar 2024 14:31:37 +0000","Two years after the cryptocurrency market crashed, internet cafes for playing crypto-earning video games are opening and farmers have started harvesting virtual crops from the games for income."
The Department of Homeland Security Is Embracing A.I.,https://www.nytimes.com/2024/03/18/business/homeland-security-artificial-intelligence.html,www.nytimes.com,"Tue, 19 Mar 2024 00:29:30 +0000","The agency will be the first in the federal government to roll out a comprehensive plan to integrate the technology into a variety of uses, from fighting crime to helping disaster survivors."
Elon Musk to Open Source Grok Chatbot in Latest AI War Escalation,https://www.nytimes.com/2024/03/17/technology/chatbot-xai-code-musk.html,www.nytimes.com,"Sun, 17 Mar 2024 22:07:59 +0000","Mr. Musk’s move to open up the code behind Grok is the latest volley in a war to win the A.I. battle, after a suit against OpenAI on the same topic."
Khanna Explains Opposition to TikTok Bill While Senators Signal Openness,https://www.nytimes.com/2024/03/17/us/politics/khanna-tiktok-bill-senate.html,www.nytimes.com,"Sun, 17 Mar 2024 21:15:13 +0000","The California Democrat Ro Khanna pointed to the need for a federal data privacy law, and a Democrat and a Republican in the Senate suggested sympathy for the calls to ban the app."
A Total Solar Eclipse Is Coming April 8. Here’s What to Know.,https://www.nytimes.com/article/total-solar-eclipse.html,www.nytimes.com,"Sat, 23 Mar 2024 16:43:55 +0000","These are answers to common questions about the April 8 eclipse, and we’re offering you a place to pose more of them."
"Toddlers Smell Like Flowers, Teens Smell ‘Goatlike,’ Study Finds",https://www.nytimes.com/2024/03/21/science/odor-adolescents-chemistry.html,www.nytimes.com,"Thu, 21 Mar 2024 18:22:04 +0000","Two musky steroids, and higher levels of odorous acids, distinguish the body odors of adolescents and tots."
"Fossil Trove From 74,000 Years Ago Points to Remarkably Adaptive Humans",https://www.nytimes.com/2024/03/20/science/early-humans-arrowheads-volcano.html,www.nytimes.com,"Wed, 20 Mar 2024 16:23:58 +0000",An archaeological site in Ethiopia revealed the oldest-known arrowheads and the remnants of a major volcanic eruption.
Abel Prize for 2024 Won by Michel Talagrand for Studies of Universe’s Randomness,https://www.nytimes.com/2024/03/20/science/abel-prize-mathematics-randomness.html,www.nytimes.com,"Thu, 21 Mar 2024 12:01:40 +0000",Michel Talagrand of France has credited a brush with blindness for leading to the work that resulted in his recognition by the math equivalent of the Nobel Prize.
"This Was Village Life in Britain 3,000 Years Ago",https://www.nytimes.com/2024/03/19/science/archaeology-britain-must-farm.html,www.nytimes.com,"Sat, 23 Mar 2024 18:14:01 +0000","The superbly preserved remains of a Bronze Age settlement offer a glimpse of a “colorful, rich, varied” domestic life circa 850 B.C."
"Walter Massey, a Physicist With a Higher Calling",https://www.nytimes.com/2024/03/19/science/physics-massey-black.html,www.nytimes.com,"Fri, 22 Mar 2024 00:24:54 +0000",He broke barriers as the first Black physicist in nearly every role. But his identity made him reach for dreams beyond his career as a scientist.
Penumbral Lunar Eclipse: How and When to Watch,https://www.nytimes.com/2024/03/24/science/lunar-eclipse-moon-penumbral.html,www.nytimes.com,"Sun, 24 Mar 2024 09:01:55 +0000","The subtle event, known as a penumbral eclipse, can be observed by everyone on Earth’s nightside."
Some Couples Are Choosing to Skip Sex and Go Straight to I.V.F.,https://www.nytimes.com/2024/03/24/style/ivf-process-couples.html,www.nytimes.com,"Sun, 24 Mar 2024 09:00:33 +0000","Well aware of how difficult conception or carrying a baby to term can be, some couples who hope to exercise a bit of control over an unpredictable experience are opting to do in vitro fertilization first."
Patients Hate ‘Forever’ Drugs. Are Ozempic and Wegovy Different?,https://www.nytimes.com/2024/03/24/health/patients-hate-forever-drugs-is-wegovy-different.html,www.nytimes.com,"Sun, 24 Mar 2024 06:59:02 +0000","The new obesity drugs might be an exception to a chronic, deadly problem: the failure to stick with medication."
Preparing for a Total Solar Eclipse in Northern Maine,https://www.nytimes.com/2024/03/22/us/maine-total-solar-eclipse.html,www.nytimes.com,"Fri, 22 Mar 2024 09:04:22 +0000","Businesses and planning committees are eager for visitors, but some in remote Aroostook County are not sure how they feel about lying smack in the path of totality."
Prehistoric Amphibian Ancestor Is Named for Kermit the Frog,https://www.nytimes.com/2024/03/21/science/kermitops-amphibian-kermit-frog-texas.html,www.nytimes.com,"Fri, 22 Mar 2024 13:35:03 +0000","The species seemed to have bug eyes and a smile, so a team of researchers named it Kermitops gratus in honor of the banjo-playing Muppet."
"Overlooked No More: Yvonne Barr, Who Helped Discover a Cancer-Causing Virus",https://www.nytimes.com/2024/03/21/obituaries/yvonne-barr-overlooked.html,www.nytimes.com,"Thu, 21 Mar 2024 19:03:11 +0000","A virologist, she worked with the pathologist Anthony Epstein, who died last month, in finding for the first time that a virus that could cause cancer. It’s known as the Epstein-Barr virus."
"Surgeons Transplant Pig Kidney Into a Patient, a Medical Milestone",https://www.nytimes.com/2024/03/21/health/pig-kidney-organ-transplant.html,www.nytimes.com,"Thu, 21 Mar 2024 22:44:58 +0000","The man continues to improve, doctors said. Organs from genetically engineered pigs one day may make dialysis obsolete."
"Long Before Amsterdam’s Coffee Shops, There Were Hallucinogenic Seeds",https://www.nytimes.com/2024/03/21/science/archaeology-hallucinogens-henbane.html,www.nytimes.com,"Thu, 21 Mar 2024 09:03:37 +0000","A nearly 2,000-year-old stash pouch provides the first evidence of the intentional use of a powerful psychedelic plant in Western Europe during the Roman Era."
Climate Change Made an Early Heat Wave in West Africa 10 Times as Likely,https://www.nytimes.com/2024/03/21/climate/climate-change-heat-wave-west-africa.html,www.nytimes.com,"Thu, 21 Mar 2024 06:01:06 +0000","Temperatures in the region rose above 40 degrees Celsius in February, with humidity pushing the heat index even higher."
"Frans de Waal, Who Found the Origins of Morality in Apes, Dies at 75",https://www.nytimes.com/2024/03/20/science/frans-de-waal-died.html,www.nytimes.com,"Thu, 21 Mar 2024 19:14:55 +0000","An unusually popular primatologist, he drew the attention of Newt Gingrich, Isabella Rossellini, the philosopher Peter Singer and the reading public."
More Studies by Columbia Cancer Researchers Are Retracted,https://www.nytimes.com/2024/03/20/science/columbia-cancer-research-retractions.html,www.nytimes.com,"Thu, 21 Mar 2024 00:24:05 +0000","The studies, pulled because of copied data, illustrate the sluggishness of scientific publishers to address serious errors, experts said."
"Following Measles Outbreaks, Officials Grow Wary of Renewed Threat",https://www.nytimes.com/2024/03/20/health/measles-children-travel.html,www.nytimes.com,"Thu, 21 Mar 2024 16:44:04 +0000",Cases this year have already topped the total in 2023. Unvaccinated travelers account for most infections.
Geologists Make It Official: We’re Not in an ‘Anthropocene’ Epoch,https://www.nytimes.com/2024/03/20/climate/anthropocene-vote-upheld.html,www.nytimes.com,"Wed, 20 Mar 2024 15:22:31 +0000","The field’s governing body ratified a vote by scientists on the contentious issue, ending a long effort to update the timeline of Earth’s history."
Total Solar Eclipse Safety: How to Watch Without Hurting Your Eyes,https://www.nytimes.com/2024/03/20/health/total-solar-eclipse-eye-safety.html,www.nytimes.com,"Wed, 20 Mar 2024 18:20:06 +0000",A number of case studies published after recent total solar eclipses highlight the importance of safe viewing.
Study on ‘World’s Oldest Pyramid’ Is Retracted by Publisher,https://www.nytimes.com/2024/03/20/science/indonesia-oldest-pyramid-gunung-padang.html,www.nytimes.com,"Sun, 24 Mar 2024 01:22:47 +0000","The study, based on research featured in a Netflix documentary, fueled debate over a site that is used for Islamic and Hindu rituals."
"At CERAWeek, Saudi Aramco C.E.O. Says Energy Transition ‘Visibly Failing’",https://www.nytimes.com/2024/03/19/climate/ceraweek-saudi-fantasy-energy-transition.html,www.nytimes.com,"Fri, 22 Mar 2024 17:52:20 +0000",The comments by a Saudi executive raised questions regarding whose predictions about the future of oil and gas are more likely to be true.
The Unbearable Vagueness of Medical ‘Professionalism’,https://www.nytimes.com/2024/03/19/health/medical-students-professionalism.html,www.nytimes.com,"Wed, 20 Mar 2024 01:52:45 +0000","Since its inception, this murky term has straddled the dual role of disciplining and inspiring."
All but 7 Countries on Earth Have Air Pollution Above WHO Standard,https://www.nytimes.com/2024/03/19/climate/air-pollution-pm25.html,www.nytimes.com,"Tue, 19 Mar 2024 04:01:09 +0000",New research found that fewer than 10 percent of countries and territories met World Health Organization guidelines for particulate matter pollution last year.
"Thomas Stafford, 93, Commander of First U.S.-Soviet Space Mission, Dies",https://www.nytimes.com/2024/03/18/science/space/thomas-p-stafford-dead.html,www.nytimes.com,"Tue, 19 Mar 2024 21:50:47 +0000","The Apollo-Soyuz mission, amid the Cold War, broke new ground in space cooperation when an American capsule docked with a Soviet craft 140 miles above the earth."
Pandemic Lockdowns Had Varied Effects on Wildlife,https://www.nytimes.com/2024/03/18/science/pandemic-lockdowns-wildlife-anthropause.html,www.nytimes.com,"Mon, 18 Mar 2024 16:08:20 +0000",A new study of camera-trap images complicates the idea that all wildlife thrived during the Covid lockdowns.
New Havana Syndrome Studies Find No Evidence of Brain Injuries,https://www.nytimes.com/2024/03/18/us/politics/havana-syndrome-brain-studies-nih.html,www.nytimes.com,"Tue, 19 Mar 2024 14:55:17 +0000",The findings from the National Institutes of Health are at odds with previous research that looked into the mysterious health incidents experienced by U.S. diplomats and spies.
"Diagnosis of Princess Kate’s Cancer Followed Familiar Pattern, Doctors Say",https://www.nytimes.com/2024/03/22/health/kate-middleton-cancer-chemotherapy.html,www.nytimes.com,"Sat, 23 Mar 2024 00:09:10 +0000","The Princess of Wales did not reveal the type of cancer she has, but oncologists say the disease is often identified during other procedures."
Living With a Messy Partner? Tips for Handling Different Organization Habits,https://www.nytimes.com/2024/03/23/well/family/organization-mess-relationships.html,www.nytimes.com,"Sat, 23 Mar 2024 09:00:02 +0000","When people with different tolerances for clutter live together, things can get tense. Experts offer ways to find peace amid the piles."
A Psychedelics Reporter With a Changing Perspective,https://www.nytimes.com/2024/03/20/insider/psychedelic-ibogaine.html,www.nytimes.com,"Wed, 20 Mar 2024 07:00:23 +0000","Can an experimental drug cure opioid addiction? Andrew Jacobs, who writes about psychedelic medicine for The Times, explored the “promise and peril” of ibogaine."
When Medicaid Comes After the Family Home,https://www.nytimes.com/2024/03/16/health/medicaid-estate-recovery-seniors.html,www.nytimes.com,"Sat, 16 Mar 2024 13:56:23 +0000","Federal law requires states to seek reimbursement from the assets, usually homes, of people who died after receiving benefits for long-term care."
"Kent Campbell, Pivotal Figure in the Fight Against Malaria, Dies at 80",https://www.nytimes.com/2024/03/15/health/kent-campbell-dead.html,www.nytimes.com,"Fri, 15 Mar 2024 21:11:47 +0000","Among his accomplishments in a four-decade career in public health, he helped pioneer programs providing bed nets in Africa."
"The Surprise Ending of ‘Dune,’ the Popcorn Bucket",https://www.nytimes.com/2024/03/15/health/dune-movie-popcorn-nutrition.html,www.nytimes.com,"Tue, 19 Mar 2024 14:07:21 +0000","What’s in the $24.99 tub, exactly? Lindsay Moyer, a nutritionist, reviews the contents of the movie-snack “vessel.”"
"Teen Pregnancy Linked to Risk of Earlier Death in Adulthood, Study Finds",https://www.nytimes.com/2024/03/14/health/teen-pregnancy-early-death.html,www.nytimes.com,"Thu, 14 Mar 2024 19:15:49 +0000",A large analysis in Canada finds that teenagers who had babies were twice as likely to die before age 31.
